index,icme_plasma_field_start_ut,icme_plasma_field_end_ut,MO_datestart,shock,MOclass,meanB,meanVsw,Vexp,save_name,DST,DST_note,DiP
0,1995-02-07 19:11:00,1995-02-10 21:36:00,1995-02-08T03:21:00.000Z,False,Cx,8.3157974415,377.3435331514,52.7178031236,WI_19950207_038,-80.0,,
1,1995-03-04 00:36:00,1995-03-05 03:06:48,1995-03-04T11:23:00.000Z,True,Fr,10.807445467,443.5065398192,10.6890363581,WI_19950304_063,-90.0,,
2,1995-03-06 02:11:00,1995-03-07 02:23:00,1995-03-06T07:11:00.000Z,False,F-,8.2396878906,458.2689145263,0.3145220979,WI_19950306_065,-38.0,,
3,1995-04-03 06:43:00,1995-04-04 13:25:48,1995-04-03T12:45:00.000Z,False,F+,8.9200809715,295.0344488443,4.032467134,WI_19950403_093,-21.0,,
4,1995-04-05 07:11:00,1995-04-06 17:15:48,1995-04-05T17:59:00.000Z,False,Fr,7.2961746206,332.0983605256,-1.645803185,WI_19950405_095,-18.0,,
5,1995-05-13 10:19:00,1995-05-13 15:59:48,1995-05-13T10:19:00.000Z,False,E,10.8719021889,329.3974679425,7.5148665514,WI_19950513_133,-8.0,,
6,1995-06-30 09:21:00,1995-07-02 16:47:00,1995-06-30T14:23:00.000Z,False,Fr,8.5760514358,397.6342124541,83.136102865,WI_19950630_181,-56.0,,
7,1995-08-22 12:56:00,1995-08-23 18:43:00,1995-08-22T22:19:00.000Z,True,Fr,9.7132554171,359.4329908995,16.3265107482,WI_19950822_234,-61.0,,
8,1995-09-26 15:57:00,1995-09-27 21:21:00,1995-09-27T03:36:00.000Z,False,Fr,9.7814926009,375.3481738488,-33.7138013573,WI_19950926_269,-108.0,,
9,1995-10-18 10:40:00,1995-10-20 02:23:00,1995-10-18T19:11:00.000Z,True,Fr,21.1517931478,407.8070041124,4.6388815607,WI_19951018_291,-127.0,,
10,1995-12-15 14:52:00,1995-12-16 19:11:00,1995-12-16T07:11:00.000Z,False,F-,11.0346581108,396.1348890654,4.7718878664,WI_19951215_349,-44.0,,
11,1996-02-15 15:07:00,1996-02-16 08:59:12,1996-02-15T15:07:00.000Z,False,F+,6.8915252883,386.7434878069,23.7294740257,WI_19960215_046,-23.0,,
12,1996-04-04 11:59:00,1996-04-04 21:36:12,1996-04-04T11:59:00.000Z,False,Fr,7.2941332475,388.9127751086,5.7980883718,WI_19960404_095,-28.0,,
13,1996-05-16 22:47:00,1996-05-17 11:58:48,1996-05-17T01:36:00.000Z,False,F+,7.0757583607,419.7229483117,8.3108362655,WI_19960516_137,-26.0,,
14,1996-05-27 14:45:00,1996-05-29 02:22:48,1996-05-27T14:45:00.000Z,False,Fr,9.7074304129,368.2977230433,28.6404971433,WI_19960527_148,-33.0,,
15,1996-07-01 13:05:00,1996-07-02 10:17:12,1996-07-01T17:16:00.000Z,False,Fr,10.9806422291,353.5998626292,12.7379422134,WI_19960701_183,-20.0,,
16,1996-07-02 16:04:00,1996-07-02 22:47:12,1996-07-02T16:04:00.000Z,False,F-,10.6805824405,394.8402520068,-24.1768122799,WI_19960702_184,-2.0,,
17,1996-08-07 08:23:00,1996-08-08 13:12:12,1996-08-07T11:59:00.000Z,False,Fr,6.6515264818,345.282825236,2.7712867341,WI_19960807_220,-23.0,,
18,1996-12-24 01:26:00,1996-12-25 11:44:48,1996-12-24T03:07:00.000Z,False,F+,10.3940949021,348.4366523831,37.8151699663,WI_19961224_359,-29.0,,
19,1997-01-10 00:52:00,1997-01-11 03:06:48,1997-01-10T04:47:00.000Z,True,F+,14.6306465893,437.1025895524,29.3230326803,WI_19970110_010,-78.0,,
20,1997-02-09 12:50:00,1997-02-10 18:28:00,1997-02-10T02:52:00.000Z,True,F-,7.8741541064,458.6024910429,16.9870209816,WI_19970209_040,-68.0,,
21,1997-04-10 17:02:00,1997-04-11 19:10:48,1997-04-11T05:45:00.000Z,False,Fr,18.4924889404,463.2492994263,4.277008152,WI_19970410_100,-82.0,,
22,1997-04-21 10:11:00,1997-04-23 07:11:00,1997-04-21T11:59:00.000Z,False,F+,11.3119763575,362.5243723342,42.0131705778,WI_19970421_111,-107.0,,
23,1997-05-15 01:15:00,1997-05-16 02:37:48,1997-05-15T10:00:00.000Z,True,F+,18.8394509224,469.1652068066,-38.0067842708,WI_19970515_135,-115.0,,
24,1997-05-16 06:01:00,1997-05-16 13:26:12,1997-05-16T06:01:00.000Z,False,Fr,7.8497909964,490.9329034465,17.4427522254,WI_19970516_136,-40.0,,
25,1997-05-26 09:09:00,1997-05-28 00:00:12,1997-05-26T15:35:00.000Z,True,Fr,9.4952785418,330.7967173409,16.6523518329,WI_19970526_146,-73.0,,
26,1997-06-08 15:43:00,1997-06-09 23:01:48,1997-06-09T06:18:00.000Z,False,Fr,11.9301517741,374.0090946642,8.5693322341,WI_19970608_159,-84.0,,
27,1997-06-19 00:00:00,1997-06-20 22:29:48,1997-06-19T05:31:00.000Z,False,Fr,7.3193941485,333.4697538675,36.9757651697,WI_19970619_170,-36.0,,
28,1997-07-15 03:10:00,1997-07-16 11:16:12,1997-07-15T06:48:00.000Z,False,F+,9.6244110785,359.0691277382,13.0471988783,WI_19970715_196,-44.0,,
29,1997-08-03 10:10:00,1997-08-04 02:23:12,1997-08-03T13:55:00.000Z,False,Fr,15.1159887926,435.9623922685,42.272425844,WI_19970803_215,-49.0,,
30,1997-08-17 01:56:00,1997-08-17 20:09:00,1997-08-17T06:33:00.000Z,False,Fr,6.7899785281,396.2791181569,13.5705441311,WI_19970817_229,-28.0,,
31,1997-09-02 22:40:00,1997-09-03 20:59:00,1997-09-03T08:38:00.000Z,True,Fr,13.656610754,408.8870468976,-5.4853248569,WI_19970902_245,-98.0,SA,
32,1997-09-18 00:30:00,1997-09-19 23:59:48,1997-09-18T04:07:00.000Z,False,F+,11.7340219144,320.2128382343,34.5192963779,WI_19970918_261,-56.0,,
33,1997-09-21 16:42:00,1997-09-22 17:46:48,1997-09-21T22:21:00.000Z,False,F+,15.0016120515,423.9253442057,56.2537955079,WI_19970921_264,-36.0,,
34,1997-10-01 11:45:00,1997-10-02 23:15:48,1997-10-01T17:08:00.000Z,False,Fr,9.6215280985,450.1881310163,30.8602195748,WI_19971001_274,-98.0,,
35,1997-10-10 03:08:00,1997-10-11 22:00:00,1997-10-10T15:33:00.000Z,False,F+,12.0216496665,410.2616438415,36.1516884055,WI_19971010_283,-130.0,,
36,1997-11-06 22:25:00,1997-11-08 22:46:48,1997-11-07T06:00:00.000Z,False,F+,12.9684900767,412.9243702304,47.9075697035,WI_19971106_310,-110.0,,
37,1997-11-22 09:12:00,1997-11-23 18:43:00,1997-11-22T17:31:00.000Z,True,F+,15.9905734447,498.0084562428,15.813727203,WI_19971122_326,-108.0,,
38,1997-12-10 04:33:00,1997-12-12 00:00:12,1997-12-10T19:11:00.000Z,True,Cx,11.7028610198,352.4252829147,19.0276687956,WI_19971210_344,-60.0,,
39,1997-12-30 01:13:00,1997-12-31 08:51:48,1997-12-30T09:35:00.000Z,True,Fr,11.5669184506,366.5249928077,-10.4624682682,WI_19971230_364,-77.0,,
40,1998-01-06 13:29:00,1998-01-08 07:54:48,1998-01-07T02:23:00.000Z,True,F+,16.0927566441,383.3302441561,32.6779867638,WI_19980106_006,-77.0,,
41,1998-01-08 15:35:00,1998-01-08 22:47:00,1998-01-08T15:35:00.000Z,False,F-,10.004381647,368.6001493273,-27.2517643531,WI_19980108_008,-22.0,,
42,1998-01-09 08:23:00,1998-01-09 20:38:00,1998-01-09T08:23:00.000Z,False,Fr,6.7594899035,476.4143964483,13.6281641998,WI_19980109_009,-22.0,,
43,1998-01-21 04:47:00,1998-01-22 13:26:00,1998-01-21T04:47:00.000Z,False,F-,13.0281761551,410.5149072473,36.4509364864,WI_19980121_021,-11.0,,
44,1998-01-28 16:04:00,1998-01-31 00:00:00,1998-01-29T13:12:00.000Z,False,F+,7.8991800757,376.5560106734,18.9668930253,WI_19980128_028,-55.0,,
45,1998-02-02 10:27:00,1998-02-04 02:22:48,1998-02-02T10:27:00.000Z,False,F+,7.7613245185,335.4979990373,15.5192174245,WI_19980202_033,-29.0,,
46,1998-02-04 04:48:00,1998-02-06 08:04:48,1998-02-04T04:48:00.000Z,False,F+,9.6846022299,321.0522406478,32.3901346284,WI_19980204_035,-34.0,,
47,1998-02-17 06:28:00,1998-02-18 14:22:47,1998-02-17T10:48:00.000Z,False,Fr,14.9457268971,396.8503006534,7.8664111985,WI_19980217_048,-100.0,,
48,1998-02-18 14:52:00,1998-02-20 00:44:00,1998-02-18T21:35:00.000Z,False,Fr,8.7045607598,434.5732926503,-20.8662207317,WI_19980218_049,-50.0,,
49,1998-03-04 11:02:00,1998-03-06 07:10:48,1998-03-04T10:48:00.000Z,True,F+,10.0265442568,347.6732348192,36.3378047363,WI_19980304_063,-36.0,,
50,1998-03-06 11:59:00,1998-03-07 16:48:12,1998-03-06T11:59:00.000Z,False,Cx,5.5537073729,325.2443135577,12.6275422959,WI_19980306_065,-16.0,,
51,1998-03-25 10:48:00,1998-03-26 08:57:47,1998-03-25T14:23:00.000Z,False,Fr,10.3524899205,406.6574780798,4.8131359695,WI_19980325_084,-56.0,,
52,1998-03-31 07:11:00,1998-04-01 16:18:48,1998-03-31T11:59:00.000Z,False,Fr,6.2259944891,388.8935921835,35.0493263097,WI_19980331_090,-35.0,,
53,1998-04-01 21:07:00,1998-04-02 19:55:00,1998-04-01T21:07:00.000Z,False,E,6.2074671416,324.780909379,11.112434667,WI_19980401_091,-5.0,,
54,1998-05-01 21:21:00,1998-05-03 16:47:48,1998-05-02T11:31:00.000Z,True,Fr,9.3786397922,519.8393514441,25.1372016289,WI_19980501_121,-85.0,,
55,1998-05-04 02:30:00,1998-05-05 03:12:12,1998-05-04T09:50:00.000Z,False,F-,15.6207142773,652.5381664888,45.9992341444,WI_19980504_124,-205.0,,
56,1998-06-02 10:28:00,1998-06-02 19:16:00,1998-06-02T10:28:00.000Z,True,Fr,9.6802409192,398.0899727221,16.5963585455,WI_19980602_153,-1.0,,
57,1998-06-24 10:47:00,1998-06-25 22:33:12,1998-06-24T13:26:00.000Z,False,F+,12.6909693412,468.1455581727,50.3899079743,WI_19980624_175,-25.0,,
58,1998-07-10 22:36:00,1998-07-12 21:34:48,1998-07-10T22:36:00.000Z,False,F+,10.6663585006,386.287648581,-42.884213512,WI_19980710_191,-35.0,,
59,1998-08-10 00:31:00,1998-08-10 23:30:48,1998-08-10T04:47:00.000Z,True,E,7.7534520381,449.5653755285,18.144924944,WI_19980810_222,-27.0,,
60,1998-08-19 18:40:00,1998-08-21 20:09:12,1998-08-20T08:38:00.000Z,True,F+,12.8986546301,317.4662576009,27.5808108925,WI_19980819_231,-67.0,,
61,1998-08-26 06:40:00,1998-08-28 00:28:00,1998-08-26T21:07:00.000Z,True,E,13.8398530212,659.3653484793,168.586991588,WI_19980826_238,-155.0,,
62,1998-09-23 01:12:00,1998-09-23 17:31:00,1998-09-23T04:19:00.000Z,False,F-,6.4671480048,413.1022541741,75.1140761009,WI_19980923_266,-25.0,,
63,1998-09-24 23:18:00,1998-09-26 17:00:00,1998-09-25T04:33:00.000Z,False,F+,13.2309588134,662.5531302718,136.3074940685,WI_19980924_267,-207.0,,
64,1998-10-02 07:10:00,1998-10-02 22:47:12,1998-10-02T07:10:00.000Z,True,E,7.030016405,656.2155635996,31.9596498388,WI_19981002_275,-56.0,,
65,1998-10-18 19:30:00,1998-10-20 07:11:12,1998-10-19T04:19:00.000Z,False,F+,17.1519865325,395.6801220922,15.3088838384,WI_19981018_291,-112.0,,
66,1998-10-23 12:57:00,1998-10-24 19:26:12,1998-10-23T19:55:00.000Z,True,F-,6.0031262365,494.7835987287,35.9216741876,WI_19981023_296,-52.0,,
67,1998-11-08 04:41:00,1998-11-08 23:30:48,1998-11-08T04:41:00.000Z,True,Cx,26.6621792903,564.6057491246,75.1433388581,WI_19981108_312,-149.0,,
68,1998-11-09 00:44:00,1998-11-10 03:47:00,1998-11-09T00:44:00.000Z,False,F+,14.5988494139,455.8172314499,47.3226813363,WI_19981109_313,-142.0,,
69,1999-01-22 20:21:00,1999-01-23 14:58:48,1999-01-22T20:21:00.000Z,True,E,16.093586508,614.0081091772,36.2850417181,WI_19990122_022,-49.0,,
70,1999-02-11 17:41:00,1999-02-12 03:35:00,1999-02-11T17:41:00.000Z,False,Fr,19.1621126647,442.8762865608,-8.7085076993,WI_19990211_042,-17.0,,
71,1999-02-18 02:48:00,1999-02-19 00:00:12,1999-02-18T09:14:00.000Z,True,E,15.198188898,660.3716476808,7.3815777878,WI_19990218_049,-123.0,,
72,1999-04-16 11:14:00,1999-04-17 19:48:12,1999-04-16T19:11:00.000Z,True,Fr,17.5601695315,417.5403795098,40.2941400744,WI_19990416_106,-91.0,,
73,1999-04-21 12:37:00,1999-04-23 14:23:12,1999-04-21T12:37:00.000Z,True,E,20.6587317311,396.2271800371,-5.7956973871,WI_19990421_111,-29.0,,
74,1999-05-28 21:50:00,1999-05-30 10:47:00,1999-05-28T21:50:00.000Z,False,Cx,6.7324931576,397.0358219934,14.6830223848,WI_19990528_148,-10.0,,
75,1999-06-26 02:31:00,1999-06-27 04:47:12,1999-06-26T02:31:00.000Z,True,Fr,15.1960062273,383.9347754426,-79.5427865077,WI_19990626_177,-15.0,,
76,1999-07-02 00:27:00,1999-07-05 13:13:48,1999-07-03T08:09:00.000Z,True,Fr,4.4212286305,457.6748809066,87.1572573431,WI_19990702_183,-26.0,,
77,1999-07-06 14:23:00,1999-07-07 16:46:47,1999-07-06T19:12:00.000Z,True,Cx,7.2033035485,463.408165064,-8.7556542986,WI_19990706_187,-4.0,,
78,1999-07-30 19:12:00,1999-08-01 00:00:12,1999-07-31T02:02:00.000Z,False,E,7.769282532,574.6509820552,-20.0411091643,WI_19990730_211,-53.0,,
79,1999-08-06 01:55:00,1999-08-07 06:18:12,1999-08-06T14:23:00.000Z,False,Fr,9.5863546676,425.9755193459,-22.0094791055,WI_19990806_218,-23.0,,
80,1999-08-09 10:12:00,1999-08-10 16:04:12,1999-08-09T10:12:00.000Z,False,Fr,9.9004417567,343.2416387454,26.5098557411,WI_19990809_221,-47.0,,
81,1999-09-15 07:43:00,1999-09-15 17:44:48,1999-09-15T07:43:00.000Z,True,E,12.096476143,608.8079519541,36.8829935181,WI_19990915_258,-51.0,,
82,1999-09-21 18:57:00,1999-09-22 11:31:11,1999-09-21T18:57:00.000Z,False,Fr,11.1956776618,358.1291888176,2.0155107977,WI_19990921_264,-41.0,,
83,1999-09-22 12:09:00,1999-09-23 09:35:00,1999-09-22T17:59:00.000Z,True,E,17.8494999093,560.1470760329,26.2390809542,WI_19990922_265,-173.0,,
84,1999-10-21 02:19:00,1999-10-22 06:32:48,1999-10-21T02:19:00.000Z,True,E,21.727415625,465.5474185078,-53.9494680513,WI_19991021_294,-237.0,SA,
85,1999-11-13 12:48:00,1999-11-16 07:17:00,1999-11-14T14:23:00.000Z,True,E,22.788668146,717.1875860712,-103.4339244168,WI_19991113_317,-106.0,,
86,1999-12-12 15:50:00,1999-12-13 18:28:00,1999-12-12T17:31:00.000Z,True,Cx,11.7622558241,592.4435162728,78.8080409307,WI_19991212_346,-69.0,,
87,2000-02-11 23:34:00,2000-02-13 00:35:00,2000-02-12T12:20:00.000Z,True,Fr,12.0564898274,549.3849905688,13.8279230883,WI_20000211_042,-135.0,,
88,2000-02-14 07:11:00,2000-02-15 15:33:48,2000-02-14T13:11:00.000Z,True,E,6.349901963,563.5544218753,77.1284336644,WI_20000214_045,-68.0,,
89,2000-02-20 21:03:00,2000-02-22 13:16:48,2000-02-21T14:24:00.000Z,True,Fr,14.7789732891,378.7646827193,32.0781690918,WI_20000220_051,-25.0,,
90,2000-03-01 01:58:00,2000-03-02 03:07:12,2000-03-01T03:21:00.000Z,False,Fr,7.8724520386,473.235403195,52.1922851457,WI_20000301_061,-44.0,,
91,2000-03-28 02:52:00,2000-03-29 22:47:48,2000-03-28T02:52:00.000Z,False,E,8.3346488611,405.1828310541,-92.0917389726,WI_20000328_088,-16.0,,
92,2000-05-07 03:53:00,2000-05-08 11:59:00,2000-05-07T03:53:00.000Z,False,Cx,10.0847544716,385.0333063527,26.3874211767,WI_20000507_128,-6.0,,
93,2000-06-08 09:07:00,2000-06-10 01:18:48,2000-06-08T16:47:00.000Z,True,E,11.1509986478,647.60084865,131.8335906814,WI_20000608_160,-90.0,,
94,2000-06-23 12:57:00,2000-06-25 23:58:48,2000-06-24T09:00:00.000Z,True,E,7.1729091732,494.4807980898,73.5412598478,WI_20000623_175,-34.0,,
95,2000-07-01 07:12:00,2000-07-02 03:34:48,2000-07-01T07:12:00.000Z,False,Fr,7.873238151,413.0204234506,-11.2414727842,WI_20000701_183,3.0,,
96,2000-07-11 22:35:00,2000-07-13 04:33:12,2000-07-11T22:35:00.000Z,False,Fr,9.7015251904,508.0359702724,35.4072947646,WI_20000711_193,-25.0,,
97,2000-07-13 09:59:00,2000-07-14 15:35:00,2000-07-13T15:35:00.000Z,True,Fr,6.467468754,620.5526639175,20.5693358719,WI_20000713_195,-43.0,,
98,2000-07-15 02:23:00,2000-07-15 14:18:48,2000-07-15T06:47:00.000Z,False,F-,8.8887502345,,,WI_20000715_197_A,-57.0,,
99,2000-07-15 14:23:00,2000-07-16 13:28:00,2000-07-15T17:31:00.000Z,False,F+,35.8019300571,,,WI_20000715_197_B,-300.0,,
100,2000-07-19 15:30:00,2000-07-21 05:31:12,2000-07-19T15:30:00.000Z,True,Cx,8.7108107634,541.603935072,74.7641828722,WI_20000719_201,-92.0,,
101,2000-07-28 06:38:00,2000-07-29 10:06:00,2000-07-28T14:24:00.000Z,True,F+,14.2585744132,462.8704588862,-5.5613137908,WI_20000728_210,-49.0,,
102,2000-07-31 23:28:00,2000-08-01 13:11:48,2000-07-31T23:28:00.000Z,False,Fr,11.2776990944,456.5875000641,1.7339386235,WI_20000731_213,-32.0,,
103,2000-08-10 05:13:00,2000-08-11 18:43:00,2000-08-10T20:52:00.000Z,True,F+,12.2023444445,422.164245987,3.802538353,WI_20000810_223,-105.0,,
104,2000-08-11 18:49:00,2000-08-13 05:05:00,2000-08-12T06:05:00.000Z,True,F+,24.6325254509,578.7138304443,36.7989856837,WI_20000811_224,-234.0,,
105,2000-09-02 23:16:00,2000-09-03 22:32:48,2000-09-02T23:16:00.000Z,False,Fr,6.779708143,408.4659128039,35.0247605162,WI_20000902_246,-19.0,,
106,2000-09-04 13:13:00,2000-09-06 16:47:11,2000-09-04T13:13:00.000Z,True,Cx,8.7751029335,392.40634968,62.8037354612,WI_20000904_248,-36.0,,
107,2000-09-06 17:02:00,2000-09-08 14:22:48,2000-09-07T03:24:00.000Z,True,Cx,8.929728615,443.6861186263,14.2806105235,WI_20000906_250,-47.0,SA,
108,2000-09-17 16:04:00,2000-09-19 12:00:12,2000-09-18T01:53:00.000Z,False,E,13.4289010973,725.5760229883,29.9836421196,WI_20000917_261,-201.0,,
109,2000-10-03 01:02:00,2000-10-05 03:34:48,2000-10-03T09:36:00.000Z,True,F+,13.6722564832,407.7214646166,27.8784006759,WI_20001003_277,-143.0,,
110,2000-10-05 03:28:00,2000-10-06 19:39:48,2000-10-05T19:11:00.000Z,True,Fr,5.1540964166,475.5669061736,77.2371555036,WI_20001005_279,-181.0,,
111,2000-10-12 22:33:00,2000-10-14 19:12:00,2000-10-13T18:24:00.000Z,True,Fr,11.8449550406,400.7389208142,6.8769116049,WI_20001012_286,-106.0,,
112,2000-10-28 06:38:00,2000-10-30 00:16:48,2000-10-28T23:18:00.000Z,True,F-,13.794689404,382.5049800414,27.6340052752,WI_20001028_302,-126.0,,
113,2000-11-06 09:30:00,2000-11-07 18:05:00,2000-11-06T23:05:00.000Z,True,Fr,20.3308726286,536.4420457123,60.1600993399,WI_20001106_311,-159.0,,
114,2000-11-10 06:20:00,2000-11-11 04:18:48,2000-11-10T11:02:00.000Z,True,E,7.6400942807,852.2582129041,77.4091912578,WI_20001110_315,-95.0,,
115,2000-11-11 04:11:00,2000-11-11 23:59:00,2000-11-11T04:11:00.000Z,True,E,7.58283698,826.2346883907,113.2340239654,WI_20001111_316,-52.0,,
116,2000-11-26 11:43:00,2000-11-28 09:36:00,2000-11-27T09:30:00.000Z,True,Fr,9.0351936971,573.9980830866,48.5619680657,WI_20001126_331,-79.0,,
117,2000-12-03 03:59:00,2000-12-05 03:06:48,2000-12-03T03:59:00.000Z,True,Cx,8.5860936435,394.1006416527,79.2161731563,WI_20001203_338,-33.0,,
118,2001-01-23 10:47:00,2001-01-25 19:12:11,2001-01-24T08:38:00.000Z,True,Cx,4.4930607601,411.9759690092,14.1969857853,WI_20010123_023,-61.0,,
119,2001-03-04 05:45:00,2001-03-05 23:04:48,2001-03-04T05:45:00.000Z,False,Cx,9.3798946932,465.369217904,-40.762521747,WI_20010304_063,-73.0,,
120,2001-03-19 11:33:00,2001-03-20 18:17:12,2001-03-19T19:55:00.000Z,True,Fr,17.1584631235,418.8470749898,2.5637845152,WI_20010319_078,-149.0,,
121,2001-03-20 18:17:00,2001-03-22 00:00:48,2001-03-20T18:17:00.000Z,False,Fr,13.06233255,339.9480002934,47.58979194,WI_20010320_079,-134.0,,
122,2001-03-27 01:59:00,2001-03-28 14:23:00,2001-03-27T01:59:00.000Z,True,Cx,13.7499101616,516.3315030097,-147.1642736011,WI_20010327_086,-56.0,,
123,2001-04-04 14:39:00,2001-04-05 08:22:48,2001-04-04T20:54:00.000Z,True,F-,10.3003595778,739.5564827828,53.1302169082,WI_20010404_094,-50.0,,
124,2001-04-11 14:09:00,2001-04-12 17:58:48,2001-04-11T22:48:00.000Z,True,F-,18.7319438754,664.0357673197,51.1194699231,WI_20010411_101,-271.0,,
125,2001-04-13 07:26:00,2001-04-14 01:39:48,2001-04-13T13:11:00.000Z,False,F-,8.1491397984,763.5905420994,78.460861507,WI_20010413_103,-77.0,,
126,2001-04-21 15:29:00,2001-04-23 01:11:12,2001-04-22T00:28:00.000Z,True,Fr,12.0461066398,357.9186587534,29.6134689038,WI_20010421_111,-102.0,,
127,2001-04-28 05:00:00,2001-05-02 04:48:12,2001-04-28T17:59:00.000Z,True,Cx,6.3070663584,504.7153606595,168.3206058644,WI_20010428_118,-47.0,,
128,2001-05-27 14:45:00,2001-05-29 21:34:48,2001-05-28T07:12:00.000Z,True,Cx,8.329582584,452.0098648701,64.9599061499,WI_20010527_147,-42.0,,
129,2001-06-27 05:59:00,2001-06-29 02:23:00,2001-06-27T05:59:00.000Z,False,Cx,3.0518197813,403.7576070217,27.9447707115,WI_20010627_178,-16.0,,
130,2001-08-05 12:28:00,2001-08-06 23:59:12,2001-08-06T06:43:00.000Z,False,E,8.1706764219,440.471948362,-5.2929089371,WI_20010805_217,-40.0,,
131,2001-08-17 11:01:00,2001-08-18 19:12:12,2001-08-17T23:59:00.000Z,True,F-,14.1513645787,533.3207950445,64.5470051369,WI_20010817_229,-105.0,,
132,2001-09-25 20:16:00,2001-09-26 16:47:48,2001-09-26T10:04:00.000Z,True,F-,14.1227498822,639.3006405669,-5.9216408968,WI_20010925_268,-102.0,,
133,2001-09-29 09:28:00,2001-09-30 19:14:00,2001-09-29T14:23:00.000Z,True,Cx,11.1332698546,567.9109395141,124.6826261258,WI_20010929_272,-55.0,,
134,2001-09-30 19:14:00,2001-10-01 21:34:48,2001-09-30T22:33:00.000Z,True,F-,11.5755119122,505.7585335695,15.3450186112,WI_20010930_273,-148.0,,
135,2001-10-21 16:39:00,2001-10-23 00:47:00,2001-10-22T01:17:00.000Z,True,Fr,14.7809428059,578.3134689224,89.4452745762,WI_20011021_294,-187.0,,
136,2001-10-28 03:13:00,2001-10-30 10:47:12,2001-10-29T16:19:00.000Z,True,E,6.1355220822,381.6527222669,13.1785794881,WI_20011028_301,-157.0,,
137,2001-10-31 13:46:00,2001-11-02 04:47:12,2001-10-31T22:04:00.000Z,True,Fr,11.1995561699,341.0165085868,41.9232673666,WI_20011031_304,-106.0,,
138,2001-11-24 05:51:00,2001-11-25 13:17:00,2001-11-24T15:47:00.000Z,True,Fr,16.2856507904,745.9014006751,151.7715690048,WI_20011124_328,-221.0,,
139,2001-12-29 05:16:00,2001-12-30 19:10:48,2001-12-30T03:24:00.000Z,True,Fr,17.0753299306,401.1155680284,-25.196447915,WI_20011229_363,-58.0,,
140,2001-12-30 20:05:00,2001-12-31 07:46:00,2001-12-30T23:10:00.000Z,True,F-,12.8342216033,629.489958421,150.4130733993,WI_20011230_364,-31.0,,
141,2002-02-28 05:06:00,2002-03-01 23:15:48,2002-02-28T19:11:00.000Z,True,Fr,10.1366905954,383.2402220231,7.4552390924,WI_20020228_059,-71.0,,
142,2002-03-18 13:14:00,2002-03-20 15:36:12,2002-03-19T06:14:00.000Z,True,Fr,14.9126219152,383.6190432916,-21.2135605251,WI_20020318_077,-37.0,,
143,2002-03-23 11:24:00,2002-03-25 21:36:12,2002-03-24T13:11:00.000Z,True,Fr,15.3520922357,436.8347724276,10.0300390721,WI_20020323_082,-100.0,,
144,2002-04-14 12:56:00,2002-04-15 04:22:12,2002-04-14T15:21:00.000Z,True,F-,9.9822981013,396.4518733349,12.7982926493,WI_20020414_104,-14.0,,
145,2002-04-17 11:01:00,2002-04-19 08:22:48,2002-04-17T21:36:00.000Z,True,F+,11.7455569225,489.7614906112,72.961634257,WI_20020417_107,-127.0,,
146,2002-04-19 08:24:00,2002-04-21 21:36:00,2002-04-20T06:57:00.000Z,True,Fr,6.8828958983,505.8511831811,92.7366841022,WI_20020419_109,-149.0,,
147,2002-04-23 05:00:00,2002-04-24 23:59:00,2002-04-24T07:11:00.000Z,True,F-,7.180615005,490.2449206256,3.2372959503,WI_20020423_113,-57.0,,
148,2002-05-10 11:09:00,2002-05-11 10:36:12,2002-05-10T22:20:00.000Z,True,Fr,6.8372387899,353.0421118686,23.2665762379,WI_20020510_130,-14.0,,
149,2002-05-11 10:30:00,2002-05-11 20:23:12,2002-05-11T12:37:00.000Z,True,Fr,17.4188444052,436.9122775037,11.7365066389,WI_20020511_131,-110.0,,
150,2002-05-18 19:45:00,2002-05-20 03:34:12,2002-05-19T03:30:00.000Z,True,Fr,11.1965920055,455.0690600777,35.8476942175,WI_20020518_138,-58.0,,
151,2002-05-20 03:35:00,2002-05-21 21:35:00,2002-05-20T16:47:00.000Z,True,Cx,6.1320246646,421.1855771378,44.8383578527,WI_20020520_140,-36.0,,
152,2002-05-23 10:44:00,2002-05-25 19:12:12,2002-05-23T23:02:00.000Z,True,F-,10.1456602843,582.4081745311,244.1372692859,WI_20020523_143,-109.0,,
153,2002-07-17 15:56:00,2002-07-19 09:35:00,2002-07-18T13:26:00.000Z,True,Fr,9.5839184685,436.4429200174,36.4802333614,WI_20020717_198,-17.0,,
154,2002-08-01 05:12:00,2002-08-01 23:15:48,2002-08-01T12:14:00.000Z,True,Fr,12.0071896333,453.7468739922,15.2265003896,WI_20020801_213_A,-51.0,,
155,2002-08-01 23:09:00,2002-08-02 21:34:48,2002-08-02T07:12:00.000Z,True,Fr,11.8279963938,492.2325691739,29.8231571804,WI_20020801_213_B,-102.0,,
156,2002-08-18 18:40:00,2002-08-21 13:25:48,2002-08-19T19:12:00.000Z,True,Fr,7.7600557923,470.5368713185,43.5374242376,WI_20020818_230,-106.0,,
157,2002-08-26 11:16:00,2002-08-27 10:47:00,2002-08-26T14:23:00.000Z,True,Fr,11.9469261855,397.2323982946,3.0697171229,WI_20020826_238,-45.0,,
158,2002-09-03 02:23:00,2002-09-04 01:12:48,2002-09-03T04:47:00.000Z,False,Cx,14.1280744554,357.6793367559,-16.1819300456,WI_20020903_246,-6.0,,
159,2002-09-30 07:54:00,2002-10-01 20:08:48,2002-09-30T22:04:00.000Z,True,F+,20.4034514323,380.7558824156,-15.1474177743,WI_20020930_273,-176.0,,
160,2002-11-16 23:16:00,2002-11-18 23:58:47,2002-11-17T20:24:00.000Z,False,F-,9.3639650195,383.2195374862,5.7476735857,WI_20021116_320,-52.0,,
161,2002-12-21 03:21:00,2002-12-22 15:36:12,2002-12-21T10:20:00.000Z,False,Fr,9.8500875338,428.5888033084,3.6696408706,WI_20021221_355,-75.0,,
162,2003-01-26 21:43:00,2003-01-27 16:04:00,2003-01-27T01:40:00.000Z,False,Fr,10.413841032,520.4685788765,48.0217401161,WI_20030126_026,-18.0,,
163,2003-02-01 13:06:00,2003-02-03 09:35:00,2003-02-02T19:11:00.000Z,False,Fr,10.176444334,482.593112457,-0.6856426098,WI_20030201_032,-72.0,,
164,2003-03-20 04:30:00,2003-03-20 22:22:48,2003-03-20T11:54:00.000Z,False,Fr,11.1416603947,671.8909024935,16.4951655392,WI_20030320_079,-64.0,,
165,2003-05-09 05:16:00,2003-05-10 23:07:48,2003-05-09T09:27:00.000Z,False,E,7.3793342577,673.8885344933,53.0158817968,WI_20030509_129,-84.0,,
166,2003-06-16 22:33:00,2003-06-18 08:18:00,2003-06-17T17:48:00.000Z,False,Fr,12.4647692691,480.9272407455,-18.5473461162,WI_20030616_167,-141.0,SA,
167,2003-08-04 20:23:00,2003-08-06 02:23:12,2003-08-05T01:10:00.000Z,False,Fr,9.5678498961,442.8772289699,17.3933648946,WI_20030804_216,-58.0,,
168,2003-10-21 22:00:00,2003-10-24 02:24:00,2003-10-22T02:24:00.000Z,False,Cx,7.9669474782,463.6708367348,12.5557605121,WI_20031021_294,-61.0,,
169,2003-10-29 06:00:00,2003-10-30 01:55:00,2003-10-29T11:16:00.000Z,False,Cx,25.4077331762,840.2510405494,-22.488758378,WI_20031029_302,-353.0,,
170,2003-10-30 16:12:00,2003-10-31 12:00:00,2003-10-31T02:00:00.000Z,False,Cx,14.9771004923,1626.0464672313,-712.217765727,WI_20031030_303,-383.0,,
171,2003-11-20 08:35:00,2003-11-21 01:40:00,2003-11-20T11:31:00.000Z,True,Fr,33.2381005911,593.7764389941,103.4959013051,WI_20031120_324,-422.0,,
172,2004-01-09 15:00:00,2004-01-11 05:02:12,2004-01-10T06:01:00.000Z,False,E,7.9752101116,531.4074906296,3.9715704547,WI_20040109_009,-45.0,,
173,2004-04-03 09:55:00,2004-04-05 19:11:00,2004-04-04T01:11:00.000Z,True,F+,15.8559252525,431.4864365156,65.2345939982,WI_20040403_094,-117.0,,
174,2004-07-22 09:45:00,2004-07-24 05:45:12,2004-07-22T13:26:00.000Z,True,Cx,11.5155773982,560.7764640473,63.1126186457,WI_20040722_204,-99.0,,
175,2004-07-24 05:32:00,2004-07-25 14:37:48,2004-07-24T07:12:00.000Z,True,Fr,20.4451456576,565.2499868807,32.1038958033,WI_20040724_206,-136.0,SA,
176,2004-07-25 17:45:00,2004-07-26 03:34:48,2004-07-25T17:45:00.000Z,False,Fr,9.3417656713,668.5021602064,-5.0878180715,WI_20040725_207,-130.0,,
177,2004-07-26 22:25:00,2004-07-27 23:58:48,2004-07-27T01:12:00.000Z,True,Cx,16.9808735271,1019.3767089575,456.5372923223,WI_20040726_208,-170.0,,
178,2004-08-29 09:09:00,2004-08-30 21:21:12,2004-08-29T19:26:00.000Z,True,Fr,12.1606925118,393.4702634024,8.3396057021,WI_20040829_242,-129.0,SA,
179,2004-09-13 19:42:00,2004-09-15 14:23:00,2004-09-14T17:59:00.000Z,True,E,6.3523121313,557.126902014,28.3297561606,WI_20040913_257,-45.0,,
180,2004-09-17 20:52:00,2004-09-19 16:58:00,2004-09-18T12:28:00.000Z,False,Fr,6.0342651857,402.1539582087,33.2404080635,WI_20040917_261,-33.0,,
181,2004-11-07 17:58:00,2004-11-09 09:20:47,2004-11-07T22:46:00.000Z,True,Fr,16.269916153,640.6786204191,59.6523359726,WI_20041107_312,-374.0,,
182,2004-11-09 18:25:00,2004-11-10 16:47:00,2004-11-09T20:38:00.000Z,True,F+,24.9839349239,731.6950531776,114.8080804763,WI_20041109_314,-259.0,,
183,2004-11-11 16:47:00,2004-11-13 09:35:00,2004-11-12T08:35:00.000Z,True,Fr,6.9556761767,552.5099032895,66.2710054111,WI_20041111_316,-92.0,,
184,2004-12-10 04:47:00,2004-12-10 21:35:00,2004-12-10T04:47:00.000Z,False,F-,8.3271015915,416.092583232,12.486391649,WI_20041210_345,-27.0,,
185,2005-01-07 08:44:00,2005-01-08 07:12:12,2005-01-07T14:23:00.000Z,False,F+,17.346305295,535.7888867025,-2.9112531336,WI_20050107_007,-93.0,,
186,2005-01-08 15:12:00,2005-01-09 17:45:00,2005-01-08T20:51:00.000Z,False,Fr,8.6548391913,461.6632220514,14.0574373581,WI_20050108_008,-47.0,,
187,2005-01-16 09:27:00,2005-01-17 07:00:48,2005-01-16T15:35:00.000Z,True,F+,8.2481712533,530.2676864099,32.1421736184,WI_20050116_016,-63.0,,
188,2005-01-18 21:35:00,2005-01-20 02:23:48,2005-01-19T00:28:00.000Z,False,F-,11.8277589457,821.6097532203,167.7145261211,WI_20050118_018,-80.0,,
189,2005-01-21 16:58:00,2005-01-22 19:12:00,2005-01-21T23:45:00.000Z,True,F-,14.5661486775,727.2499350499,43.3831253318,WI_20050121_021,-97.0,,
190,2005-02-16 10:33:00,2005-02-16 23:30:48,2005-02-16T12:14:00.000Z,False,F-,12.3958329027,390.0352624418,19.5245622994,WI_20050216_047,-42.0,,
191,2005-02-17 21:35:00,2005-02-19 08:23:12,2005-02-18T14:52:00.000Z,False,E,5.9370530044,538.7261497052,53.6387447661,WI_20050217_048,-80.0,,
192,2005-02-20 15:32:00,2005-02-22 07:11:00,2005-02-20T20:23:00.000Z,True,Fr,5.3967453141,409.4380015192,40.5633166042,WI_20050220_051,-43.0,,
193,2005-05-15 02:10:00,2005-05-16 22:47:12,2005-05-15T05:31:00.000Z,True,F+,23.3409205392,747.2783057706,237.5015002967,WI_20050515_135,-247.0,,
194,2005-05-20 04:47:00,2005-05-22 02:23:00,2005-05-20T09:35:00.000Z,False,F+,8.9300778597,427.650040875,52.7906344713,WI_20050520_140,-83.0,,
195,2005-06-12 06:57:00,2005-06-13 17:59:48,2005-06-12T15:07:00.000Z,True,F-,12.3683546416,480.085789494,20.4955740863,WI_20050612_163,-106.0,,
196,2005-06-14 17:55:00,2005-06-16 08:23:00,2005-06-15T05:08:00.000Z,True,F+,9.0624208902,484.1157141337,34.1188715292,WI_20050614_165,-42.0,,
197,2005-07-10 02:42:00,2005-07-12 14:23:00,2005-07-10T10:47:00.000Z,True,Cx,11.946511016,438.4989302177,-1.3772619008,WI_20050710_191,-92.0,,
198,2005-07-17 14:52:00,2005-07-18 05:59:48,2005-07-17T14:52:00.000Z,False,Fr,11.1626553714,426.7143866483,23.9857550845,WI_20050717_198,-67.0,SA,
199,2005-08-10 04:47:00,2005-08-10 13:26:00,2005-08-10T06:14:00.000Z,False,F-,8.1130091382,447.4488841051,27.3336789573,WI_20050810_222,-47.0,,
200,2005-10-31 02:23:00,2005-10-31 18:42:48,2005-10-31T02:23:00.000Z,False,Fr,10.7160795411,374.1738847744,19.9472245443,WI_20051031_304,-74.0,SA,
201,2006-02-05 18:14:00,2006-02-06 11:59:00,2006-02-05T20:23:00.000Z,False,F+,10.2511274315,341.1381150329,15.7819163608,WI_20060205_036,-20.0,,
202,2006-04-13 13:26:00,2006-04-14 11:02:12,2006-04-13T15:07:00.000Z,False,F+,16.8162506933,521.0373348605,4.198876889,WI_20060413_103,-98.0,,
203,2006-04-14 13:11:00,2006-04-14 23:15:48,2006-04-14T13:11:00.000Z,False,F-,8.742704309,513.4935166358,6.8281901676,WI_20060414_104,-81.0,,
204,2006-06-14 08:09:00,2006-06-14 16:25:48,2006-06-14T08:09:00.000Z,False,F-,8.2942474383,386.0464181756,-17.3033957121,WI_20060614_165,-1.0,,
205,2006-07-09 20:40:00,2006-07-11 17:45:00,2006-07-10T17:45:00.000Z,True,Cx,9.0042106126,368.47020094,-11.7275157569,WI_20060709_190,-27.0,,
206,2006-08-19 09:38:00,2006-08-21 17:02:12,2006-08-20T13:55:00.000Z,True,Cx,8.0766405664,405.5090082975,-9.5902696883,WI_20060819_231,-79.0,,
207,2006-08-30 20:38:00,2006-09-01 07:12:11,2006-08-30T20:38:00.000Z,False,Cx,7.7569444852,397.3332390188,34.216527199,WI_20060830_242,-35.0,,
208,2006-09-30 02:52:00,2006-09-30 22:03:48,2006-09-30T08:23:00.000Z,False,F+,15.7619882304,393.6054721615,27.1186296501,WI_20060930_273,-21.0,,
209,2006-11-01 21:21:00,2006-11-02 14:22:48,2006-11-01T21:21:00.000Z,False,F-,5.197258583,373.0427458132,25.2573636493,WI_20061101_305,-28.0,,
210,2006-11-18 07:11:00,2006-11-20 04:47:00,2006-11-18T07:11:00.000Z,False,Fr,8.4375135398,399.8144433164,-6.9744211003,WI_20061118_322,-20.0,,
211,2006-11-29 02:58:00,2006-11-30 09:35:12,2006-11-29T05:16:00.000Z,False,F+,11.8095321877,410.0806678637,8.0939711474,WI_20061129_333,-66.0,,
212,2006-12-14 13:51:00,2006-12-15 13:40:12,2006-12-14T22:36:00.000Z,True,F-,12.5527537647,757.5027376797,21.4382826771,WI_20061214_348,-162.0,,
213,2006-12-16 17:34:00,2006-12-17 19:11:12,2006-12-17T00:25:00.000Z,True,F-,3.8579439469,583.6800996663,90.79753944,WI_20061216_350,-56.0,,
214,2007-01-14 11:31:00,2007-01-15 07:45:12,2007-01-14T11:44:00.000Z,False,Fr,11.4237387428,363.5484325907,6.8860301969,WI_20070114_014,-18.0,,
215,2007-01-15 20:49:00,2007-01-16 04:44:48,2007-01-15T20:49:00.000Z,False,F-,8.0023067889,530.8959014288,-34.4951971313,WI_20070115_015,-23.0,,
216,2007-03-29 15:04:00,2007-03-30 00:02:48,2007-03-29T15:04:00.000Z,False,Cx,4.6396233595,396.3584115173,3.088834209,WI_20070329_088,-11.0,,
217,2007-05-21 22:40:00,2007-05-22 13:25:12,2007-05-21T22:45:00.000Z,False,Fr,10.6660609137,454.4759564988,7.4660549034,WI_20070521_141,-2.0,,
218,2007-06-08 05:45:00,2007-06-09 05:15:00,2007-06-08T05:45:00.000Z,False,Fr,7.8171586845,362.4426602509,-6.7706337767,WI_20070608_159,-21.0,,
219,2007-11-19 17:22:00,2007-11-20 11:31:12,2007-11-20T00:33:00.000Z,True,Fr,18.2618541993,465.3098271128,2.5502460373,WI_20071119_323,-2.0,,
220,2007-12-25 16:19:00,2007-12-26 09:35:12,2007-12-25T16:19:00.000Z,False,F-,4.3077495144,350.0065396495,14.5334594826,WI_20071225_359,-8.0,,
221,2008-05-23 01:12:00,2008-05-23 10:46:47,2008-05-23T01:12:00.000Z,False,F+,5.1510769579,499.4664666474,22.5795048456,WI_20080523_144,-11.0,,
222,2008-09-03 16:33:00,2008-09-04 03:49:48,2008-09-03T16:33:00.000Z,False,F+,11.4514495752,466.7526857157,-21.8044291686,WI_20080903_247,-51.0,SA,
223,2008-09-17 00:43:00,2008-09-18 08:09:00,2008-09-17T03:57:00.000Z,False,Fr,5.6744052589,407.6901963881,45.3824678159,WI_20080917_261,-23.0,,
224,2008-12-04 11:59:00,2008-12-05 10:47:00,2008-12-04T16:47:00.000Z,False,Fr,7.0444257432,390.399067155,5.7136008443,WI_20081204_339,-26.0,,
225,2008-12-17 03:35:00,2008-12-17 15:35:00,2008-12-17T03:35:00.000Z,False,Fr,7.9914975004,337.9139052167,9.8812201058,WI_20081217_352,-15.0,,
226,2009-01-02 02:49:00,2009-01-02 17:16:12,2009-01-02T04:48:00.000Z,False,F-,6.0990161775,410.9334798243,-11.5622996481,WI_20090102_002,-12.0,,
227,2009-01-26 05:02:00,2009-01-26 15:21:12,2009-01-26T05:02:00.000Z,False,E,9.8956830413,347.4064926231,23.663861467,WI_20090126_026,-29.0,,
228,2009-02-03 19:21:00,2009-02-04 19:40:12,2009-02-04T01:12:00.000Z,True,F+,9.587504178,356.3436924519,17.4847153698,WI_20090203_034,-42.0,,
229,2009-03-11 22:04:00,2009-03-13 01:40:12,2009-03-12T01:12:00.000Z,True,F+,11.6862434295,360.5722585324,-18.2921967863,WI_20090311_070,-28.0,SA,
230,2009-04-05 16:04:00,2009-04-06 04:48:12,2009-04-05T17:02:00.000Z,False,F-,4.737442511,403.6471623551,-11.8747800439,WI_20090405_095,-7.0,,
231,2009-04-22 11:16:00,2009-04-22 20:37:48,2009-04-22T14:09:00.000Z,False,Fr,3.7115743914,387.4551019352,15.609464954,WI_20090422_112,-7.0,,
232,2009-06-03 13:40:00,2009-06-05 05:31:00,2009-06-03T20:52:00.000Z,False,Fr,5.2414216222,316.0741484644,5.0001326908,WI_20090603_154,-19.0,,
233,2009-06-27 11:02:00,2009-06-28 20:24:12,2009-06-27T17:59:00.000Z,True,F+,7.6132245195,388.6620158282,24.6323037105,WI_20090627_178,-14.0,,
234,2009-07-21 02:53:00,2009-07-22 03:36:00,2009-07-21T04:48:00.000Z,False,Fr,7.9401442126,316.6307278652,16.6430238854,WI_20090721_202,-83.0,SA,
235,2009-09-10 10:19:00,2009-09-10 19:26:12,2009-09-10T10:19:00.000Z,False,Fr,4.7302788309,305.4602335813,2.0571474054,WI_20090910_253,1.0,,
236,2009-09-30 00:44:00,2009-09-30 19:11:00,2009-09-30T06:59:00.000Z,False,Fr,7.9546160939,346.4424333232,12.3767888515,WI_20090930_273,-5.0,,
237,2009-10-29 01:26:00,2009-10-29 23:45:12,2009-10-29T01:26:00.000Z,False,F+,8.8619795033,364.1641246109,-12.7610394969,WI_20091029_302,-6.0,,
238,2009-11-01 10:04:00,2009-11-02 08:20:48,2009-11-01T10:04:00.000Z,False,F-,5.9201709862,347.3382355755,20.4592509494,WI_20091101_305,-6.0,,
239,2009-11-14 10:47:00,2009-11-15 11:45:12,2009-11-14T10:47:00.000Z,False,Fr,6.7057695631,334.5880948825,-15.4661616909,WI_20091114_318,-17.0,,
240,2009-12-12 04:47:00,2009-12-14 04:47:00,2009-12-12T19:26:00.000Z,False,Fr,6.1056774275,270.7269451239,15.551702636,WI_20091212_346,-2.0,,
241,2010-01-01 22:04:00,2010-01-03 09:06:48,2010-01-02T00:14:00.000Z,False,Fr,6.6159958853,286.1863695519,12.8526878859,WI_20100101_001,-4.0,,
242,2010-02-07 18:04:00,2010-02-09 05:42:12,2010-02-07T19:11:00.000Z,False,Fr,8.3407639972,361.7138142067,36.1453470922,WI_20100207_038,-22.0,,
243,2010-03-23 22:29:00,2010-03-24 15:36:00,2010-03-23T22:33:00.000Z,True,Fr,4.560816594,292.1817922425,-16.6767242384,WI_20100323_082,-1.0,,
244,2010-04-05 07:55:00,2010-04-06 16:48:12,2010-04-05T11:59:00.000Z,True,Fr,9.0230045793,634.343871729,131.118138847,WI_20100405_095,-81.0,,
245,2010-04-11 12:20:00,2010-04-12 14:12:00,2010-04-11T21:36:00.000Z,True,Fr,10.5563272635,411.4584387412,19.3104749604,WI_20100411_101,-67.0,,
246,2010-05-18 02:23:00,2010-05-19 07:26:12,2010-05-18T04:04:00.000Z,False,Fr,7.7951416206,354.897979505,4.2733381407,WI_20100518_138,-34.0,,
247,2010-05-28 01:55:00,2010-05-29 17:58:48,2010-05-28T19:12:00.000Z,True,Fr,13.3085361385,353.9045579144,17.9832077479,WI_20100528_148,-80.0,,
248,2010-06-21 03:35:00,2010-06-22 12:43:00,2010-06-21T06:28:00.000Z,False,Fr,6.0799955272,361.4631115458,27.0025981329,WI_20100621_172,-11.0,,
249,2010-08-03 17:05:00,2010-08-05 00:56:48,2010-08-04T02:52:00.000Z,True,Cx,10.5683332515,547.5823207336,44.1510078093,WI_20100803_215,-74.0,,
250,2010-09-15 02:24:00,2010-09-16 11:58:47,2010-09-15T02:24:00.000Z,False,Fr,7.3308689196,370.6858162602,-13.676510063,WI_20100915_258,-24.0,,
251,2010-09-25 11:45:00,2010-09-26 08:09:12,2010-09-25T13:11:00.000Z,False,F-,2.9224067447,472.6335466564,68.5409627067,WI_20100925_268,-16.0,,
252,2010-10-11 05:45:00,2010-10-11 18:28:12,2010-10-11T05:45:00.000Z,False,F-,10.9387196107,354.3509328612,5.806098692,WI_20101011_284,-75.0,SA,
253,2010-10-31 02:09:00,2010-11-01 20:38:12,2010-10-31T05:16:00.000Z,False,Fr,8.6730435,341.7036782914,31.4626351405,WI_20101031_304,-11.0,,
254,2010-12-19 20:35:00,2010-12-20 22:04:12,2010-12-19T22:33:00.000Z,True,F+,7.2851326084,385.2448481615,-1.7684300975,WI_20101219_353,-35.0,,
255,2011-01-24 06:43:00,2011-01-25 22:04:12,2011-01-24T10:33:00.000Z,False,F+,6.1814833565,343.65450825,15.7364762457,WI_20110124_024,-14.0,,
256,2011-02-18 19:50:00,2011-02-20 21:35:12,2011-02-18T19:55:00.000Z,True,F-,8.6950582003,461.6951234764,72.1968752696,WI_20110218_049,-27.0,,
257,2011-03-29 15:12:00,2011-04-01 14:51:48,2011-03-29T23:59:00.000Z,True,Fr,11.2746442731,344.3555626477,10.0922297142,WI_20110329_088,-7.0,,
258,2011-04-23 00:01:00,2011-04-24 13:11:12,2011-04-23T00:01:00.000Z,False,F-,6.9971810916,397.747901209,-12.6570756417,WI_20110423_113,-14.0,,
259,2011-04-29 09:07:00,2011-04-29 20:52:00,2011-04-29T13:55:00.000Z,False,E,10.5224366188,403.2092453604,-60.6076929933,WI_20110429_119,-17.0,,
260,2011-05-28 00:14:00,2011-05-28 22:47:48,2011-05-28T05:31:00.000Z,False,F+,11.4013696241,519.0824106023,-32.9343310117,WI_20110528_148,-80.0,,
261,2011-06-04 20:06:00,2011-06-05 18:13:48,2011-06-05T01:12:00.000Z,True,Fr,11.4829112457,512.8099221736,29.217885309,WI_20110604_155,-45.0,,
262,2011-06-17 02:09:00,2011-06-19 07:11:48,2011-06-17T05:16:00.000Z,True,Cx,5.8411733568,428.5246427656,46.6396664366,WI_20110617_168,-14.0,,
263,2011-06-30 13:26:00,2011-07-01 05:16:00,2011-06-30T18:43:00.000Z,False,F-,8.2609539793,329.0992818352,-17.5457790553,WI_20110630_181,-48.0,SA,
264,2011-07-03 19:12:00,2011-07-04 19:12:00,2011-07-03T19:12:00.000Z,False,Fr,8.9029880961,391.5030352732,7.0499137193,WI_20110703_184,-59.0,SA,
265,2011-09-17 02:57:00,2011-09-18 21:06:48,2011-09-17T15:35:00.000Z,True,Fr,8.1852696501,443.4512044379,2.3549624867,WI_20110917_260,-72.0,,
266,2011-10-05 06:46:00,2011-10-07 02:06:12,2011-10-05T09:56:00.000Z,True,Cx,10.5549097913,399.2529596867,50.5186562267,WI_20111005_278,-43.0,,
267,2011-10-24 17:41:00,2011-10-25 23:31:12,2011-10-25T00:21:00.000Z,True,Cx,16.4762728696,483.4562683165,-24.6560756484,WI_20111024_297,-147.0,,
268,2011-11-01 08:09:00,2011-11-01 22:04:12,2011-11-01T08:09:00.000Z,True,F-,10.2571125939,411.521218477,15.6281897144,WI_20111101_305,-66.0,,
269,2011-11-02 00:21:00,2011-11-03 04:33:12,2011-11-02T03:35:00.000Z,False,Fr,5.6116368959,371.2156611517,-21.5687610549,WI_20111102_306,-58.0,,
270,2011-11-04 20:27:00,2011-11-05 20:09:12,2011-11-04T21:17:00.000Z,True,Cx,5.8302744531,302.6789931476,29.5843847333,WI_20111104_308,-40.0,,
271,2011-11-07 06:57:00,2011-11-08 00:43:00,2011-11-07T16:19:00.000Z,False,Fr,9.3758277884,349.3164741938,-1.4589666567,WI_20111107_311,-5.0,,
272,2011-11-11 03:01:00,2011-11-12 05:02:12,2011-11-11T03:01:00.000Z,True,Cx,5.2622422483,380.1766850492,13.7567030036,WI_20111111_315,-11.0,,
273,2011-11-28 20:59:00,2011-11-30 17:59:12,2011-11-29T19:40:00.000Z,True,Cx,8.3315827337,431.7978296022,9.568375888,WI_20111128_332,-41.0,,
274,2012-01-21 04:02:00,2012-01-22 06:56:48,2012-01-21T04:04:00.000Z,True,Fr,10.3426834343,326.914190791,-13.7697334101,WI_20120121_021,-10.0,,
275,2012-01-22 05:33:00,2012-01-22 17:58:47,2012-01-22T11:24:00.000Z,True,F-,20.3546990165,413.1289671626,16.5092967765,WI_20120122_022,-70.0,SA,
276,2012-02-14 07:11:00,2012-02-16 04:47:48,2012-02-14T20:52:00.000Z,False,Fr,8.3707943073,378.0592298821,18.9346389175,WI_20120214_045,-67.0,,
277,2012-02-26 20:59:00,2012-03-01 05:45:12,2012-02-27T17:59:00.000Z,True,Cx,9.2826756333,443.146886969,-6.9345494304,WI_20120226_057,-57.0,,
278,2012-03-08 10:32:00,2012-03-11 07:26:12,2012-03-08T19:55:00.000Z,True,Cx,8.5252123496,575.79952874,159.133442239,WI_20120308_068,-145.0,,
279,2012-03-12 08:28:00,2012-03-14 02:52:00,2012-03-12T16:19:00.000Z,True,Cx,6.6271216947,627.4524534164,105.6266330834,WI_20120312_072,-64.0,,
280,2012-03-15 12:35:00,2012-03-16 14:10:00,2012-03-15T16:04:00.000Z,True,Fr,9.100099445,697.0312947866,74.945844644,WI_20120315_075,-88.0,,
281,2012-04-05 14:23:00,2012-04-06 21:36:12,2012-04-05T19:41:00.000Z,False,Fr,9.6638600498,341.8360732974,20.8289259666,WI_20120405_096,-40.0,,
282,2012-04-11 06:28:00,2012-04-12 03:35:48,2012-04-11T06:28:00.000Z,False,Cx,7.3789881096,329.1071875802,8.2569798099,WI_20120411_102,-6.0,,
283,2012-04-23 02:15:00,2012-04-24 02:52:12,2012-04-23T16:48:00.000Z,True,F-,14.4914397767,372.6736227233,10.3314823323,WI_20120423_114,-120.0,SA,
284,2012-05-03 00:59:00,2012-05-05 11:22:48,2012-05-04T03:36:00.000Z,True,Fr,6.4659543126,309.8859115543,16.073711414,WI_20120503_124,-23.0,,
285,2012-05-16 12:28:00,2012-05-18 02:11:12,2012-05-16T16:04:00.000Z,False,Fr,9.5873768132,374.1423970983,-7.5704587172,WI_20120516_137,-43.0,,
286,2012-06-11 02:52:00,2012-06-12 05:16:00,2012-06-11T11:31:00.000Z,False,Fr,8.709445365,408.2141214789,-8.6880674754,WI_20120611_163,-67.0,,
287,2012-06-16 09:03:00,2012-06-17 11:23:12,2012-06-16T22:01:00.000Z,True,F+,30.356855591,449.7860259607,58.1286018299,WI_20120616_168,-86.0,,
288,2012-07-08 02:10:00,2012-07-10 01:41:48,2012-07-08T07:58:00.000Z,False,Cx,10.6693309068,416.6686434292,23.2480420265,WI_20120708_190,-78.0,,
289,2012-07-14 17:39:00,2012-07-17 03:21:48,2012-07-15T06:14:00.000Z,True,Fr,16.6088566681,491.0409900181,105.6185916252,WI_20120714_196,-139.0,,
290,2012-08-12 12:37:00,2012-08-13 05:01:48,2012-08-12T19:12:00.000Z,False,Fr,10.6105228376,382.2293448654,2.2029330304,WI_20120812_225,-9.0,,
291,2012-08-18 03:25:00,2012-08-19 08:22:48,2012-08-18T19:12:00.000Z,False,Fr,11.0664080109,386.9467811456,12.939645734,WI_20120818_231,-18.0,,
292,2012-08-30 15:35:00,2012-08-31 05:30:48,2012-08-30T15:35:00.000Z,False,F-,2.7729908673,406.4322370401,35.6635304945,WI_20120830_243,-4.0,,
293,2012-09-01 07:12:00,2012-09-03 11:22:48,2012-09-01T07:12:00.000Z,False,Fr,7.4115312913,317.1398569171,12.9940674261,WI_20120901_245,-69.0,,
294,2012-09-04 22:02:00,2012-09-05 17:44:48,2012-09-05T05:52:00.000Z,True,Fr,11.0643532702,507.2901696451,11.7922522381,WI_20120904_248,-64.0,,
295,2012-09-06 00:00:00,2012-09-06 15:50:00,2012-09-06T02:23:00.000Z,False,F-,9.7159175944,424.6552983322,31.1537233762,WI_20120906_250,-32.0,,
296,2012-09-12 19:55:00,2012-09-13 15:20:48,2012-09-12T19:55:00.000Z,True,F-,9.0144948753,365.4096869613,-3.7667638546,WI_20120912_256,-4.0,,
297,2012-09-30 10:14:00,2012-10-02 02:53:00,2012-09-30T12:14:00.000Z,True,Cx,11.7690569467,353.6771663909,-7.6161509001,WI_20120930_274,-122.0,,
298,2012-10-08 04:12:00,2012-10-09 17:17:00,2012-10-08T15:50:00.000Z,True,Fr,15.1643873451,397.910131345,-10.2276335668,WI_20121008_282,-109.0,,
299,2012-10-12 08:09:00,2012-10-13 09:14:00,2012-10-12T18:29:00.000Z,False,Fr,10.4268240708,479.9904687882,9.0715970408,WI_20121012_286,-90.0,,
300,2012-10-31 14:28:00,2012-11-02 05:21:12,2012-10-31T23:35:00.000Z,True,F+,10.9276117925,340.6016965016,33.1216952874,WI_20121031_305,-65.0,,
301,2012-11-12 22:12:00,2012-11-14 08:09:12,2012-11-13T08:23:00.000Z,True,F+,20.1136500769,381.1481632545,2.0312516418,WI_20121112_317,-108.0,,
302,2012-11-23 20:51:00,2012-11-25 10:47:12,2012-11-24T11:31:00.000Z,True,F-,11.6153173886,380.8627004545,12.4950408843,WI_20121123_328,-40.0,,
303,2013-01-16 23:31:00,2013-01-18 12:14:12,2013-01-17T14:52:00.000Z,False,Fr,12.5224015824,387.8571512906,-10.418367286,WI_20130116_016,-52.0,,
304,2013-01-18 22:47:00,2013-01-19 16:47:00,2013-01-19T00:14:00.000Z,False,Fr,4.7989259182,427.2910738501,12.0402988868,WI_20130118_018,-25.0,,
305,2013-01-19 16:50:00,2013-01-20 10:47:00,2013-01-19T22:47:00.000Z,True,F-,6.6065875654,428.1071862784,-4.2058565588,WI_20130119_019,-33.0,,
306,2013-03-17 05:21:00,2013-03-19 16:04:12,2013-03-17T14:09:00.000Z,True,Fr,9.2810433427,528.5399262943,108.1289922855,WI_20130317_076,-132.0,,
307,2013-04-13 22:13:00,2013-04-17 05:30:48,2013-04-14T17:02:00.000Z,True,F+,6.8623092351,390.3937429696,51.9330978365,WI_20130413_103,-17.0,,
308,2013-04-30 08:52:00,2013-05-01 07:12:00,2013-04-30T12:00:00.000Z,True,Fr,10.0196985849,392.6440523168,15.4255491537,WI_20130430_120,-47.0,SA,
309,2013-05-14 02:23:00,2013-05-15 06:28:48,2013-05-14T06:00:00.000Z,False,Fr,7.5890647474,356.3494560419,29.8890606212,WI_20130514_134,-18.0,,
310,2013-06-06 02:09:00,2013-06-08 00:00:12,2013-06-06T14:23:00.000Z,False,F+,10.4337094319,427.8988453472,47.4232726317,WI_20130606_157,-78.0,,
311,2013-06-27 13:51:00,2013-06-29 11:59:00,2013-06-28T02:23:00.000Z,True,Fr,11.2306170305,391.2701038947,7.8917496181,WI_20130627_178,-101.0,,
312,2013-07-04 17:17:00,2013-07-07 14:24:12,2013-07-05T04:05:00.000Z,False,Cx,9.4647857857,339.4290918775,30.537160147,WI_20130704_185,-87.0,,
313,2013-07-12 16:43:00,2013-07-14 23:31:12,2013-07-12T20:24:00.000Z,True,Cx,11.8908795144,420.9141503639,68.8355034006,WI_20130712_193,-81.0,,
314,2013-09-01 06:14:00,2013-09-02 01:56:12,2013-09-01T13:55:00.000Z,False,Fr,3.8643268454,486.8656355403,54.888687385,WI_20130901_244,-30.0,,
315,2013-10-02 01:15:00,2013-10-02 21:35:00,2013-10-02T15:35:00.000Z,True,E,5.7553499248,593.7092858727,12.1243078518,WI_20131002_275,-72.0,,
316,2013-10-03 00:00:00,2013-10-03 14:52:12,2013-10-03T00:00:00.000Z,False,Fr,8.0120765793,487.9375721746,50.527741151,WI_20131003_276,-53.0,,
317,2013-10-30 18:14:00,2013-10-31 05:30:48,2013-10-30T18:14:00.000Z,True,Fr,8.8775628035,340.827864576,9.938772237,WI_20131030_303,-47.0,,
318,2013-11-08 21:07:00,2013-11-09 06:14:00,2013-11-08T23:59:00.000Z,False,Fr,12.7230709089,410.5630221548,-6.5544858339,WI_20131108_312,-80.0,SA,
319,2013-11-23 00:14:00,2013-11-23 15:35:00,2013-11-23T04:47:00.000Z,False,Fr,8.600686999,356.2896863152,-3.8283857664,WI_20131123_327,-27.0,,
320,2013-11-30 20:23:00,2013-12-03 03:21:00,2013-12-01T04:48:00.000Z,False,Cx,8.7389219714,442.386037372,68.4110869799,WI_20131130_334,-22.0,,
321,2013-12-08 07:31:00,2013-12-09 02:09:12,2013-12-08T16:47:00.000Z,True,F-,5.0242686774,552.9291581128,26.6573961859,WI_20131208_342,-66.0,,
322,2013-12-14 16:47:00,2013-12-16 05:30:48,2013-12-15T16:47:00.000Z,False,Fr,7.2734057713,460.3474650368,6.0807088492,WI_20131214_348,-38.0,,
323,2013-12-24 20:36:00,2013-12-25 17:59:00,2013-12-25T04:47:00.000Z,False,F+,10.5558688993,299.6635453057,24.0771347653,WI_20131224_358,-35.0,,
324,2014-02-05 12:50:00,2014-02-07 16:03:48,2014-02-06T02:23:00.000Z,False,E,6.2497693731,368.6972232584,38.9956179539,WI_20140205_036,-31.0,,
325,2014-02-15 12:46:00,2014-02-16 14:23:48,2014-02-16T00:43:00.000Z,True,Fr,14.5104139992,389.0999055679,23.1206150994,WI_20140215_046,-24.0,,
326,2014-02-18 05:59:00,2014-02-19 09:35:12,2014-02-18T15:07:00.000Z,False,Fr,11.2180946125,420.6240058565,-36.3088680744,WI_20140218_049,-119.0,,
327,2014-02-19 03:09:00,2014-02-20 02:37:48,2014-02-19T03:09:00.000Z,True,Cx,11.9134415633,495.8004548389,-37.928368956,WI_20140219_050,-119.0,,
328,2014-04-05 09:58:00,2014-04-07 14:24:00,2014-04-05T22:18:00.000Z,False,Fr,11.9200669619,369.6344172157,33.8291502323,WI_20140405_095,-15.0,,
329,2014-04-11 06:57:00,2014-04-12 20:52:12,2014-04-11T06:57:00.000Z,False,F+,9.1095045864,350.8560815826,25.0100546332,WI_20140411_101,-87.0,,
330,2014-04-20 10:20:00,2014-04-22 06:12:48,2014-04-21T07:41:00.000Z,True,Fr,5.6912067231,552.406881492,42.5239097025,WI_20140420_110,-32.0,,
331,2014-04-29 19:11:00,2014-04-30 16:33:12,2014-04-29T19:11:00.000Z,False,Fr,8.8067955544,302.8937643173,-5.6579596224,WI_20140429_119,-67.0,,
332,2014-06-07 16:30:00,2014-06-10 16:46:47,2014-06-08T19:12:00.000Z,True,Cx,4.424504567,488.855804368,105.2464685109,WI_20140607_158,-37.0,,
333,2014-06-22 18:28:00,2014-06-23 22:04:00,2014-06-22T18:28:00.000Z,False,F-,2.9025203836,357.8712380531,28.0458265445,WI_20140622_173,-15.0,,
334,2014-06-29 16:47:00,2014-06-30 11:15:48,2014-06-29T20:53:00.000Z,False,Fr,8.5471527076,347.0163987305,22.9706402056,WI_20140629_180,-5.0,,
335,2014-07-02 23:48:00,2014-07-03 11:59:48,2014-07-03T03:07:00.000Z,True,F-,6.357936856,333.052637065,18.3028396091,WI_20140702_183,-15.0,,
336,2014-08-19 05:49:00,2014-08-21 19:09:48,2014-08-19T17:59:00.000Z,True,F+,13.9239336303,348.9769583706,39.4736047093,WI_20140819_231,-30.0,,
337,2014-08-26 02:40:00,2014-08-27 21:49:00,2014-08-27T03:07:00.000Z,False,Fr,13.1662487146,308.1598926231,-16.043208438,WI_20140826_238,-79.0,,
338,2014-09-12 15:17:00,2014-09-14 11:38:48,2014-09-12T21:22:00.000Z,True,F-,17.5662337314,594.4937075101,139.361819839,WI_20140912_255,-88.0,,
339,2015-01-07 05:38:00,2015-01-07 21:07:00,2015-01-07T06:28:00.000Z,True,F+,17.5745735234,451.0466676391,15.4752320856,WI_20150107_007,-107.0,,
340,2015-03-28 03:36:00,2015-03-29 14:24:00,2015-03-28T11:45:00.000Z,False,Fr,12.039250335,392.4107754119,41.7402094355,WI_20150328_087,-46.0,,
341,2015-03-31 07:32:00,2015-04-01 09:49:48,2015-03-31T17:57:00.000Z,True,F-,12.3426091133,404.0601878107,-3.2131235541,WI_20150331_090,-19.0,,
342,2015-04-09 09:09:00,2015-04-11 09:36:11,2015-04-09T23:02:00.000Z,True,Cx,15.2350970866,391.7199007088,40.1964145572,WI_20150409_099,-85.0,,
343,2015-05-06 00:56:00,2015-05-07 14:22:47,2015-05-06T16:48:00.000Z,True,F-,12.8878689059,421.293297617,18.3455963051,WI_20150506_126,-35.0,,
344,2015-05-08 02:52:00,2015-05-09 10:33:48,2015-05-08T07:11:00.000Z,False,F-,6.5159101853,382.8643993337,-8.6259186546,WI_20150508_128,-15.0,,
345,2015-05-10 08:23:00,2015-05-11 04:47:00,2015-05-10T11:59:00.000Z,False,F+,11.0278996989,358.6761881812,19.9626102057,WI_20150510_130,-57.0,,
346,2015-06-22 18:07:00,2015-06-24 13:03:12,2015-06-23T02:23:00.000Z,True,Cx,10.6799732393,597.9943284936,67.9438748262,WI_20150622_173,-198.0,,
347,2015-09-07 13:05:00,2015-09-09 14:52:00,2015-09-07T23:31:00.000Z,True,F+,14.7399387091,468.2430672462,83.9430245624,WI_20150907_250,-105.0,,
348,2015-10-06 21:35:00,2015-10-07 10:03:48,2015-10-06T21:35:00.000Z,False,Fr,14.5107030939,424.7938053277,-41.0954332514,WI_20151006_279,-101.0,,
349,2015-10-24 17:59:00,2015-10-28 13:11:00,2015-10-25T13:11:00.000Z,True,Fr,5.6182067603,392.0455905851,83.6105934526,WI_20151024_297,-16.0,,
350,2015-11-06 17:46:00,2015-11-08 16:47:00,2015-11-07T07:11:00.000Z,True,Fr,15.6872852265,529.881301391,66.2063404971,WI_20151106_310,-87.0,,
351,2015-12-19 15:35:00,2015-12-21 23:02:12,2015-12-20T13:40:00.000Z,True,Fr,15.6700903968,398.0574885443,15.2622266455,WI_20151219_353,-166.0,,
352,2016-01-19 03:31:00,2016-01-20 14:19:24,2016-01-19T11:23:00.000Z,False,Fr,14.11,362.0,7.94,WI_20160119_019,-101.0,SA,
353,2016-01-24 15:16:00,2016-01-26 03:09:48,2016-01-25T01:11:00.000Z,False,F-,6.0,416.0,48.79,WI_20160124_024,-19.0,,
354,2016-03-05 06:08:00,2016-03-06 14:44:36,2016-03-05T19:41:00.000Z,False,F-,11.72,366.0,-10.43,WI_20160305_065,-6.0,,
355,2016-03-20 09:07:00,2016-03-21 04:11:00,2016-03-20T14:38:00.000Z,False,Fr,6.84,405.0,9.85,WI_20160320_080,-42.0,,
356,2016-04-13 15:48:00,2016-04-15 10:08:00,2016-04-14T09:35:00.000Z,False,Fr,7.31,405.0,62.14,WI_20160413_104,-60.0,,
357,2016-04-16 20:54:00,2016-04-18 05:57:12,2016-04-17T07:08:00.000Z,False,Fr,8.12,400.0,15.25,WI_20160416_107,-58.0,,
358,2016-07-20 02:53:00,2016-07-22 15:31:36,2016-07-20T15:10:00.000Z,False,Fr,9.71,438.0,65.86,WI_20160720_202,-26.0,,
359,2016-07-24 13:51:00,2016-07-25 13:08:36,2016-07-25T03:23:00.000Z,False,E,6.33,440.0,-3.69,WI_20160724_206,-38.0,,
360,2016-08-02 07:52:00,2016-08-03 06:23:48,2016-08-02T07:43:00.000Z,False,F-,15.63,401.0,-44.65,WI_20160802_215,-17.0,,
361,2016-10-12 21:37:00,2016-10-14 16:19:48,2016-10-13T06:27:00.000Z,False,F+,19.34,384.0,37.1,WI_20161012_286,-109.0,,
362,2016-11-04 09:23:00,2016-11-05 18:27:12,2016-11-04T09:23:00.000Z,False,F-,4.59,360.0,10.14,WI_20161104_309,-27.0,,
363,2016-11-09 09:45:00,2016-11-10 10:09:36,2016-11-10T01:30:00.000Z,False,F-,11.13,362.0,-10.53,WI_20161109_314,-9.0,,
364,2017-04-04 04:46:00,2017-04-04 14:50:48,2017-04-04T04:46:00.000Z,False,Fr,13.47,416.0,-1.75,WI_20170404_094,-44.0,P,
365,2017-04-09 10:38:00,2017-04-10 09:09:48,2017-04-09T10:38:00.000Z,False,Fr,7.61,453.0,24.76,WI_20170409_099,-21.0,P,
366,2017-04-13 12:39:00,2017-04-15 11:07:00,2017-04-14T02:31:00.000Z,False,Fr,6.16,369.0,50.05,WI_20170413_103,-25.0,P,
367,2017-05-27 13:45:00,2017-05-29 11:05:36,2017-05-27T22:50:00.000Z,False,F+,3.08,318.0,26.01,WI_20170527_147,-125.0,P,
368,2017-07-16 05:30:00,2017-07-17 13:00:48,2017-07-17T00:53:00.000Z,False,F-,11.57,540.0,52.6,WI_20170716_197,-72.0,P,
369,2017-08-21 20:46:00,2017-08-23 14:02:24,2017-08-22T06:42:00.000Z,False,F-,4.55,506.0,73.77,WI_20170821_233,-48.0,P,
370,2017-09-06 22:21:00,2017-09-08 06:35:48,2017-09-07T09:13:00.000Z,False,E,3.79,502.0,43.57,WI_20170906_249,-122.0,P,
371,2017-09-07 16:17:00,2017-09-09 16:57:24,2017-09-08T00:19:00.000Z,False,E,8.65,683.0,127.29,WI_20170907_250,-122.0,P,
372,2017-12-25 14:57:00,2017-12-26 06:32:24,2017-12-25T14:57:00.000Z,False,F-,7.37,448.0,6.26,WI_20171225_359,-27.0,P,
373,2018-03-09 16:32:00,2018-03-11 02:05:00,2018-03-09T23:47:00.000Z,False,F+,13.71,401.0,33.96,WI_20180309_068,-39.0,P,
374,2018-05-13 02:35:00,2018-05-13 14:51:36,2018-05-13T07:18:00.000Z,False,F-,9.13,433.0,6.82,WI_20180513_133,-21.0,P,
375,2018-06-06 11:23:00,2018-06-07 08:29:36,2018-06-06T17:32:00.000Z,False,Fr,10.03,404.0,33.8,WI_20180606_157,-25.0,P,
376,2018-06-25 08:02:00,2018-06-26 03:33:48,2018-06-25T08:02:00.000Z,False,Fr,6.84,412.0,-3.15,WI_20180625_176,-48.0,P,
377,2018-07-10 12:45:00,2018-07-11 08:45:36,2018-07-10T12:45:00.000Z,False,Fr,9.39,338.0,19.93,WI_20180710_191,0.0,P,
378,2018-08-25 01:02:00,2018-08-26 12:19:00,2018-08-25T12:04:00.000Z,False,F+,15.65,406.0,14.27,WI_20180825_237,-175.0,P,
379,2018-09-23 08:20:00,2018-09-23 22:59:12,2018-09-23T11:58:00.000Z,False,F-,8.17,441.0,8.45,WI_20180923_266,-27.0,P,
380,2019-03-16 12:20:00,2019-03-17 19:12:00,2019-03-17T01:15:00.000Z,False,Fr,7.64,397.0,24.39,WI_20190316_075,-40.0,P,
381,2019-04-17 21:15:00,2019-04-18 19:37:12,2019-04-17T21:15:00.000Z,False,F-,4.48,309.0,25.35,WI_20190417_107,-9.0,P,
382,2019-05-07 21:00:00,2019-05-08 15:16:12,2019-05-07T21:00:00.000Z,False,E,2.79,333.0,12.01,WI_20190507_127,-2.0,P,
383,2019-05-10 11:42:00,2019-05-12 21:58:36,2019-05-10T17:04:00.000Z,False,E,8.34,348.0,16.39,WI_20190510_130,-51.0,P,
384,2019-05-13 22:54:00,2019-05-15 15:41:36,2019-05-14T09:08:00.000Z,False,E,8.13,475.0,70.13,WI_20190513_133,-65.0,P,
385,2019-05-16 22:54:00,2019-05-18 08:35:48,2019-05-17T01:25:00.000Z,False,F-,5.34,440.0,41.28,WI_20190516_136,-10.0,P,
386,2019-05-26 22:50:00,2019-05-28 00:11:48,2019-05-27T07:49:00.000Z,False,Fr,10.52,338.0,26.94,WI_20190526_146,-16.0,P,
387,2019-06-07 06:36:00,2019-06-08 07:19:00,2019-06-07T10:22:00.000Z,False,E,5.45,290.0,25.33,WI_20190607_158,0.0,P,
388,2019-10-13 04:55:00,2019-10-14 06:07:48,2019-10-13T09:48:00.000Z,False,Fr,2.95,335.0,16.38,WI_20191013_286,-5.0,P,
389,2019-10-29 05:30:00,2019-10-30 23:52:48,2019-10-29T05:30:00.000Z,False,F-,8.11,388.0,26.26,WI_20191029_302,-22.0,P,
390,2019-11-02 21:10:00,2019-11-03 06:46:36,2019-11-02T21:10:00.000Z,False,F-,4.4,336.0,9.05,WI_20191102_306,-3.0,P,
391,2019-11-11 06:24:00,2019-11-12 09:48:00,2019-11-11T09:42:00.000Z,False,F-,11.47,359.0,13.67,WI_20191111_315,-23.0,P,
392,2020-01-04 09:48:00,2020-01-05 06:07:36,2020-01-04T14:22:00.000Z,False,Fr,8.69,358.0,27.28,WI_20200104_004,-25.0,P,
393,2020-01-14 02:50:00,2020-01-15 05:08:24,2020-01-14T08:21:00.000Z,False,E,4.59,316.0,-11.14,WI_20200114_014,-8.0,P,
394,2020-03-04 12:02:00,2020-03-06 03:52:00,2020-03-04T13:55:00.000Z,False,F-,6.02,354.0,36.2,WI_20200304_064,-22.0,P,
395,2020-04-20 03:52:00,2020-04-21 05:03:48,2020-04-20T08:26:00.000Z,False,Fr,14.69,345.0,17.61,WI_20200420_111,-59.0,P,
396,2020-12-06 19:00:00,2020-12-07 08:31:48,2020-12-06T19:00:00.000Z,False,F-,6.05,365.0,11.64,WI_20201206_341,-2.0,P,
397,2020-12-10 05:34:00,2020-12-13 09:57:24,2020-12-11T04:34:00.000Z,False,E,4.72,426.0,64.8,WI_20201210_345,-13.0,P,
398,2021-02-24 02:39:00,2021-02-24 17:46:48,2021-02-24T04:33:00.000Z,False,F+,7.42,479.0,-0.04,WI_20210224_055,-24.0,Q,
399,2021-03-11 21:37:00,2021-03-12 23:17:48,2021-03-11T21:37:00.000Z,False,F-,6.86,351.0,9.88,WI_20210311_070,-17.0,Q,
400,2021-04-05 00:28:00,2021-04-06 09:32:00,2021-04-05T10:23:00.000Z,False,F-,7.99,327.0,0.58,WI_20210405_095,-2.0,Q,
401,2021-05-12 05:40:00,2021-05-14 16:11:00,2021-05-12T14:42:00.000Z,False,E,8.820589,433.06897,,WI_20210512_132,,,0.2791248265
402,2021-05-29 10:13:00,2021-05-29 18:56:00,2021-05-29T10:13:00.000Z,False,E,6.7230854,408.54807,,WI_20210529_149,,,0.4715732501
403,2021-07-23 23:31:00,2021-07-24 22:43:00,2021-07-24T04:32:00.000Z,False,E,5.060865,341.78125,,WI_20210723_204,,,0.4823800994
404,2021-08-27 00:13:00,2021-08-29 00:15:00,2021-08-27T12:24:00.000Z,False,F+,10.760648,371.33554,,WI_20210827_239,,,0.3653188656
405,2021-09-05 13:00:00,2021-09-06 04:16:00,2021-09-05T15:51:00.000Z,False,E,4.880777,314.1974,,WI_20210905_248,,,0.4808638975
406,2021-09-21 19:52:00,2021-09-23 11:33:00,2021-09-22T11:09:00.000Z,False,E,5.086377,371.37457,,WI_20210921_264,,,0.513733996
407,2021-10-06 05:46:00,2021-10-07 14:09:00,2021-10-06T12:36:00.000Z,False,F+,8.83922,319.6588,,WI_20211006_279,,,0.4443293493
408,2021-10-09 12:50:00,2021-10-10 03:17:00,2021-10-09T12:50:00.000Z,False,Fr,5.246413,300.6748,,WI_20211009_282,,,0.5625990272
409,2021-10-12 01:36:00,2021-10-13 23:23:00,2021-10-12T20:59:00.000Z,False,E,4.2264977,424.83337,,WI_20211012_285,,,0.4936333526
410,2021-10-16 00:00:00,2021-10-17 06:20:00,2021-10-16T07:36:00.000Z,False,F+,8.8083,387.67844,,WI_20211016_289,,,0.5127874199
411,2021-10-24 23:05:00,2021-10-25 14:08:00,2021-10-24T23:05:00.000Z,False,E,5.3359094,329.51187,,WI_20211024_297,,,0.5330840585
412,2021-10-30 00:07:00,2021-10-30 15:47:00,2021-10-30T00:07:00.000Z,False,E,5.7018604,319.65848,,WI_20211030_303_A,,,0.5243504719
413,2021-10-30 21:02:00,2021-10-31 09:32:00,2021-10-30T21:02:00.000Z,False,E,5.5339155,374.16406,,WI_20211020_303_B,,,0.4178176381
414,2021-11-03 19:34:00,2021-11-05 04:49:00,2021-11-04T10:35:00.000Z,False,Fr,14.450715,634.8122,,WI_20211103_307,,,0.4785973717
415,2021-12-19 12:07:00,2021-12-20 16:55:00,2021-12-20T00:59:00.000Z,False,E,6.613563,557.794,,WI_20211219_353,,,0.490873628
416,2022-01-15 14:17:00,2022-01-16 18:29:00,2022-01-15T23:11:00.000Z,False,E,5.246806,562.3149,,WI_20220105_015,,,0.4972708815
417,2022-01-19 08:01:00,2022-01-19 22:42:00,2022-01-19T12:09:00.000Z,False,E,3.7578459,599.2647,,WI_20220119_019,,,0.5631411079
418,2022-01-20 06:18:00,2022-01-20 16:14:00,2022-01-20T06:41:00.000Z,False,F-,4.4611726,447.0613,,WI_20220120_020,,,0.4960297927
419,2022-01-21 12:58:00,2022-01-22 07:09:00,2022-01-21T12:58:00.000Z,False,E,5.0802274,438.40234,,WI_20220121_021,,,0.4361582361
420,2022-03-20 02:04:00,2022-03-20 19:53:00,2022-03-20T02:04:00.000Z,False,Fr,9.070524,307.27652,,WI_20220320_079,,,0.4997999811
421,2022-03-31 02:00:00,2022-04-01 12:00:00,2022-03-31T12:30:00.000Z,False,F+,19.972792,485.8949,,WI_20220331_090,,,0.4811270697
422,2022-04-03 14:17:00,2022-04-03 23:34:00,2022-04-03T14:17:00.000Z,False,F-,7.055612,486.51526,,WI_20220403_093,,,0.485530474
423,2022-04-07 12:23:00,2022-04-08 18:31:00,2022-04-07T12:23:00.000Z,False,F+,7.406791,382.78925,,WI_20220407_097,,,0.5599365973
424,2022-04-09 13:31:00,2022-04-10 02:05:00,2022-04-09T13:31:00.000Z,False,Fr,13.627602,398.1813,,WI_20220409_099,,,0.5422493606
425,2022-05-03 16:30:00,2022-05-03 22:26:00,2022-05-03T16:30:00.000Z,False,F-,4.213329,397.63638,,WI_20220503_123,,,0.4825394811
426,2022-05-08 12:46:00,2022-05-09 05:01:00,2022-05-08T12:46:00.000Z,False,F-,6.4014134,320.6954,,WI_20220508_128,,,0.480274423
427,2022-05-09 05:09:00,2022-05-10 12:05:00,2022-05-09T13:36:00.000Z,False,E,5.158794,308.5827,,WI_20220509_129,,,0.5009266995
428,2022-05-20 16:37:00,2022-05-21 07:48:00,2022-05-20T16:37:00.000Z,False,E,5.893797,555.38116,,WI_20220520_140,,,0.438488813
429,2022-06-01 17:11:00,2022-06-02 07:08:00,2022-06-01T17:16:00.000Z,False,F-,3.637978,376.0859,,WI_20220601_152,,,0.5017604526
430,2022-06-19 14:44:00,2022-06-20 04:44:00,2022-06-19T14:44:00.000Z,False,F-,5.9699106,567.32855,,WI_20220619_170,,,0.5565317983
431,2022-06-27 03:52:00,2022-06-27 20:04:00,2022-06-27T09:57:00.000Z,False,F-,5.992099,544.77344,,WI_20220627_178,,,0.4803264316
432,2022-06-29 05:16:00,2022-06-29 12:13:00,2022-06-29T05:16:00.000Z,False,F-,5.5577626,495.67538,,WI_20220629_180,,,0.4976319638
433,2022-07-01 22:45:00,2022-07-02 21:01:00,2022-07-01T22:45:00.000Z,False,F+,12.0695305,331.8082,,WI_20220701_182,,,0.4766570549
434,2022-07-04 02:00:00,2022-07-06 05:04:00,2022-07-04T12:35:00.000Z,False,E,4.31042,382.35855,,WI_20220704_185,,,0.2751143355
435,2022-07-07 06:21:00,2022-07-08 04:36:00,2022-07-07T11:14:00.000Z,False,Fr,19.456537,388.31592,,WI_20220707_188,,,0.497897687
436,2022-07-10 10:39:00,2022-07-11 08:01:00,2022-07-10T13:37:00.000Z,False,E,4.7868752,347.58728,,WI_20220710_191,,,0.4335163367
437,2022-08-19 16:44:00,2022-08-20 18:48:00,2022-08-20T06:22:00.000Z,False,F-,5.3714614,513.26825,,WI_20220819_231,,,0.4720334953
438,2022-09-03 05:26:00,2022-09-03 22:30:00,2022-09-03T09:05:00.000Z,False,E,7.3965225,524.0983,,WI_20220903_246,,,0.5142379701
439,2022-10-01 15:12:00,2022-10-02 08:45:00,2022-10-01T15:19:00.000Z,False,Cx,8.034091,432.5004,,WI_20221001_274,,,0.4616478224
440,2022-11-11 13:54:00,2022-11-13 11:01:00,2022-11-12T12:16:00.000Z,False,Fr,6.646286,460.22934,,WI_20221111_315,,,0.4819935357
441,2022-12-20 06:46:00,2022-12-21 13:20:00,2022-12-20T15:18:00.000Z,False,F-,12.306075,361.51556,,WI_20221220_354,,,0.5245731098
442,2022-12-25 01:41:00,2022-12-26 14:54:00,2022-12-25T01:41:00.000Z,False,E,7.274901,558.65216,,WI_20221225_359,,,0.598059763
443,2023-01-17 21:02:00,2023-01-18 04:40:00,2023-01-17T21:02:00.000Z,False,F-,13.1719055,439.7972,,WI_20230117_017,,,0.5018749548
444,2023-02-14 21:57:00,2023-02-15 22:41:00,2023-02-15T10:08:00.000Z,False,E,10.872227,324.41806,,WI_20230214_045,,,0.4918749548
445,2023-02-27 12:20:00,2023-02-28 17:52:00,2023-02-27T20:19:00.000Z,False,F-,9.541843,663.99475,,WI_20230227_058,,,0.5074653811
446,2023-03-12 09:19:00,2023-03-13 11:14:00,2023-03-12T09:19:00.000Z,False,F-,5.1174245,363.99036,,WI_20230312_071,,,0.4854378818
447,2023-04-15 09:29:00,2023-04-17 01:25:00,2023-04-15T23:22:00.000Z,False,E,6.237591,331.8806,,WI_20230415_105,,,0.5639221254
448,2023-04-23 16:54:00,2023-04-24 19:54:00,2023-04-24T00:46:00.000Z,False,Fr,27.945696,539.737,,WI_20230423_113,,,0.4348815629
449,2023-05-07 21:07:00,2023-05-08 13:26:00,2023-05-08T03:15:00.000Z,False,E,6.2560396,490.97675,,WI_20230507_127,,,0.482694193
450,2023-05-09 22:13:00,2023-05-11 21:27:00,2023-05-10T12:01:00.000Z,False,E,6.21372,571.4192,,WI_20230509_129,,,0.4402984601
451,2023-05-12 05:53:00,2023-05-13 14:38:00,2023-05-13T00:00:00.000Z,False,F-,4.8777704,458.62338,,WI_20230512_132,,,0.4721078237
452,2023-06-19 15:20:00,2023-06-20 14:13:00,2023-06-20T00:53:00.000Z,False,E,7.3403654,402.73398,,WI_20230619_170,,,0.4983964624
453,2023-06-30 14:01:00,2023-07-01 14:23:00,2023-06-30T14:01:00.000Z,False,Cx,6.5095887,484.50845,,WI_20230630_181,,,0.48750671
454,2023-07-11 19:53:00,2023-07-12 11:49:00,2023-07-11T19:53:00.000Z,False,F-,7.379058,326.0859,,WI_20230711_192,,,0.4571578754
455,2023-08-01 11:13:00,2023-08-02 14:04:00,2023-08-02T00:08:00.000Z,False,Fr,10.361686,392.13754,,WI_20230801_213,,,0.4866228014
456,2023-08-03 08:08:00,2023-08-04 07:01:00,2023-08-03T08:08:00.000Z,False,F-,8.718069,340.99506,,WI_20230803_215,,,0.5450458865
457,2023-08-05 02:15:00,2023-08-06 12:06:00,2023-08-05T16:13:00.000Z,False,F-,6.7954206,343.67078,,WI_20230805_217,,,0.5287141086
458,2023-08-07 00:16:00,2023-08-07 11:01:00,2023-08-07T00:16:00.000Z,False,F+,8.315973,369.47253,,WI_20230807_219,,,0.4454991421
459,2023-10-18 02:30:00,2023-10-20 04:46:00,2023-10-18T12:45:00.000Z,False,E,5.8987675,364.8782,,WI_20231018_291,,,0.4206617365
460,2023-11-14 12:56:00,2023-11-15 01:02:00,2023-11-14T12:56:00.000Z,False,Fr,10.3948,361.4306,,WI_20231114_318,,,0.425924647
461,2023-12-01 08:56:00,2023-12-03 00:13:00,2023-12-02T00:30:00.000Z,False,Fr,12.911776,453.42465,,WI_20231201_335,,,0.4402450938
462,2023-12-13 21:24:00,2023-12-15 10:02:00,2023-12-13T22:31:00.000Z,False,E,7.5605617,314.4158,,WI_20231213_347,,,0.3032037013
463,2023-12-15 10:30:00,2023-12-16 10:59:00,2023-12-16T03:09:00.000Z,False,F-,7.5280957,494.69516,,WI_20231215_349,,,0.5248719603
464,2023-12-30 18:22:00,2023-12-31 18:11:00,2023-12-30T18:22:00.000Z,False,E,6.6625986,310.27515,,WI_20231230_364,,,0.4939875271
465,2024-02-01 05:06:00,2024-02-02 11:23:00,2024-02-01T11:40:00.000Z,False,E,3.571856,363.4687,,WI_20240201_032,,,0.4537514739
466,2024-02-11 01:25:00,2024-02-13 00:16:00,2024-02-11T18:17:00.000Z,False,E,5.0473104,499.96335,,WI_20240211_042,,,0.3877473104
467,2024-03-21 02:08:00,2024-03-23 00:30:00,2024-03-21T16:00:00.000Z,False,Fr,8.796583,355.13263,,WI_20240321_081,,,0.4846509208
468,2024-03-24 14:06:00,2024-03-26 09:27:00,2024-03-24T18:35:00.000Z,False,Fr,12.780445,704.92053,,WI_20240324_084,,,0.2290429377
469,2024-04-17 09:35:00,2024-04-17 20:44:00,2024-04-17T09:35:00.000Z,False,F+,7.997798,350.76877,,WI_20240417_108,,,0.48528582
470,2024-05-10 16:39:00,2024-05-12 14:31:00,2024-05-10T21:54:00.000Z,False,Cx,20.441797,823.8138,,WI_20240510_131,,,0.224214573
471,2024-05-16 04:13:00,2024-05-17 12:28:00,2024-05-16T14:32:00.000Z,False,E,8.289686,406.27853,,WI_20240516_137,,,0.5270232192
472,2024-05-30 11:41:00,2024-05-30 22:41:00,2024-05-30T11:41:00.000Z,False,F-,7.3977385,353.44693,,WI_20240530_151,,,0.4932093385
473,2024-07-15 20:01:00,2024-07-16 15:39:00,2024-07-16T03:22:00.000Z,False,F-,15.027939,358.54428,,WI_20240715_197,,,0.4592689103
474,2024-07-23 19:46:00,2024-07-24 10:48:00,2024-07-23T23:39:00.000Z,False,F-,14.643038,318.46707,,WI_20240723_205,,,0.4379864798
475,2024-07-29 23:03:00,2024-07-31 12:59:00,2024-07-30T10:14:00.000Z,False,Fr,7.6905084,447.48056,,WI_20240729_211,,,0.4634866325
